gene_name,gene_desc
A1BG,"Yes, there is a relationship between the A1BG gene and type 2 diabetes. The A1BG gene encodes alpha-1B-glycoprotein, a protein thought to be involved in various physiological processes, including immune response, inflammation, and metabolic regulation. Variations in A1BG expression have been implicated in inflammatory pathways that are often dysregulated in type 2 diabetes. Moreover, altered levels of A1BG may influence insulin sensitivity and glucose metabolism, potentially through effects on adipose tissue function and systemic inflammation. The gene's association with metabolic traits observed in genome-wide association studies further supports its potential role in the pathogenesis of type 2 diabetes, suggesting that it could serve as a modulator of the disease through its interactions with metabolic and inflammatory pathways."
A1CF,"The A1CF gene, which encodes the RNA-binding protein A1CF, has been implicated in the regulation of gene expression and post-transcriptional modifications, potentially influencing metabolic pathways relevant to type 2 diabetes (T2D). Variants in A1CF may affect insulin signaling and glucose homeostasis, contributing to insulin resistance, a key feature of T2D. Additionally, A1CF is involved in the regulation of inflammatory responses and lipid metabolism, both of which are crucial in the pathophysiology of T2D. Alterations in its expression or function could lead to dysregulation of these pathways, suggesting a possible link between A1CF and the development of type 2 diabetes. However, further research is needed to elucidate the precise mechanisms involved and their clinical significance."
A2M,"The A2M gene encodes for alpha-2-macroglobulin, a large plasma glycoprotein involved in a variety of physiological processes, including the regulation of inflammation and the proteolytic activity of proteases. Studies have suggested that dysregulation of A2M may play a role in the pathophysiology of type 2 diabetes (T2D) through mechanisms related to insulin resistance, inflammation, and adiposity. Elevated levels of alpha-2-macroglobulin have been associated with increased insulin resistance, possibly due to its role in modulating pro-inflammatory cytokines and impairing insulin signaling pathways. Additionally, the protein's capacity to bind and sequester various growth factors may influence the metabolic dysregulation observed in T2D. Overall, while the exact relationship remains an area of ongoing research, A2M could contribute to the complex interplay of factors leading to T2D."
A2ML1,"The relationship between the A2ML1 gene and type 2 diabetes is not well-established; however, some studies suggest potential links through mechanisms involving insulin signaling and inflammation. A2ML1, which encodes a protein involved in extracellular matrix regulation, may influence metabolic pathways by affecting adipocyte function and the inflammatory response. Dysregulation of extracellular matrix components can impact insulin sensitivity and glucose metabolism, potentially contributing to the development of insulin resistance, a key feature of type 2 diabetes. Moreover, the gene's expression may be modulated by various metabolic states, implicating it in the complex interplay between genetic predisposition and environmental factors in the pathogenesis of type 2 diabetes. Further research is needed to delineate its specific role in this context."
A3GALT2,"The relationship between the A3GALT2 gene and type 2 diabetes is not well-established in the literature, and current knowledge appears limited. However, A3GALT2 encodes an enzyme involved in the glycosylation of glycoconjugates, which can influence various biological processes including molecular recognition, signal transduction, and cell-cell interactions. Dysregulation of glycosylation pathways can impact insulin signaling and glucose metabolism, potentially creating a link to metabolic disorders like type 2 diabetes. Additionally, alterations in glycan structures may affect insulin resistance and inflammation, which are key factors in the pathogenesis of type 2 diabetes. Further research is required to elucidate any specific roles A3GALT2 may have in the context of this disease."
A4GALT,"The relationship between the A4GALT gene and type 2 diabetes is currently not well established, and further research is needed to clarify any potential connections. A4GALT encodes the enzyme α-1,4-galactosyltransferase, which is involved in the synthesis of certain glycosphingolipids and glycoproteins. Aberrant glycosylation patterns have been implicated in insulin resistance and inflammation, both of which are critical factors in the pathology of type 2 diabetes. Potential mechanisms could involve altered cell signaling pathways, immune responses, and metabolic dysregulation due to changes in glycan structure and function. However, more targeted studies are necessary to elucidate any direct or indirect links between A4GALT activity and the pathogenesis of type 2 diabetes."
A4GNT,"The A4GNT gene encodes an enzyme involved in the modification of glycoproteins through the addition of N-acetylglucosamine (GlcNAc) residues, which plays a role in glycosylation. Aberrant glycosylation patterns have been implicated in various metabolic disorders, including type 2 diabetes (T2D). One possible mechanism is that altered glycosylation can affect insulin signaling and receptor function, leading to insulin resistance, a hallmark of T2D. Additionally, changes in glycoproteins may influence inflammation and the release of pro-inflammatory cytokines, further contributing to the pathogenesis of T2D by exacerbating insulin resistance and impairing glucose homeostasis. Thus, while direct evidence linking A4GNT to T2D is limited, its role in glycosylation suggests potential pathways through which it could influence the disease."
AAAS,"The relationship between the AAAS gene and type 2 diabetes is currently not well-established in the scientific literature. The AAAS gene encodes the protein alacrima, achalasia, and adrenal insufficiency syndrome (AAAS), which is involved in cellular stress responses and may play a role in endocrine functions. Although alterations in cellular stress response mechanisms can influence insulin signaling and glucose metabolism, the direct association between AAAS gene variations and the pathophysiology of type 2 diabetes remains unclear. Further research is needed to elucidate any potential connections and the underlying mechanisms, such as insulin resistance or metabolic dysregulation, that might involve the AAAS gene."
AACS,"The AACS gene encodes for an enzyme involved in the synthesis of acetyl-CoA, which plays a crucial role in metabolic processes, including fatty acid metabolism and insulin signaling. Dysregulation of acetyl-CoA levels can impact lipid metabolism and the accumulation of lipids in adipose tissues, muscle, and liver, which are important factors in the pathogenesis of type 2 diabetes. Furthermore, altered fatty acid profiles can influence inflammation and insulin resistance through various signaling pathways, potentially linking AACS to the development of metabolic disorders. These mechanisms suggest that variations or dysregulation of the AACS gene may contribute to the risk of developing type 2 diabetes, although direct evidence and specific causal relationships require further investigation."
AADAC,"The AADAC gene (arylacetamide deacetylase) has been implicated in metabolic processes that might relate to type 2 diabetes. Its enzymatic function involves the hydrolysis of various substrates, including acylated compounds that can influence lipid metabolism. Altered lipid profiles and dysregulated fatty acid metabolism are known contributors to insulin resistance and type 2 diabetes pathogenesis. Additionally, genetic variations in AADAC may influence the metabolism of pharmacological agents or nutrient absorption, further impacting metabolic health. While direct associations between AADAC and type 2 diabetes remain to be fully elucidated, the gene's role in modulating lipid metabolism and potential metabolic pathways suggests a plausible link that merits further investigation."
AADACL2,"The AADACL2 gene has been associated with metabolic processes that may influence the risk of type 2 diabetes. Some studies suggest that AADACL2 may play a role in regulating lipid metabolism and inflammation, both of which are critical factors in the pathogenesis of type 2 diabetes. Specifically, AADACL2 is involved in the hydrolysis of lysophospholipids and may impact insulin sensitivity through the modulation of inflammatory pathways and lipid signaling. Alterations in the expression or function of AADACL2 could therefore potentially contribute to the development of insulin resistance, a hallmark of type 2 diabetes. However, the specific mechanisms connecting AADACL2 to type 2 diabetes remain to be fully elucidated through further research."
AADACL3,"The AADACL3 gene has been implicated in various metabolic processes, and some studies suggest a potential relationship between AADACL3 and type 2 diabetes. One proposed mechanism is through the modulation of fatty acid metabolism, as AADACL3 is involved in the hydrolysis of lysophosphatidic acid and fatty acids, which can influence lipid profiles and insulin sensitivity. Dysregulation of lipid metabolism is a well-known factor in the pathogenesis of type 2 diabetes, as excess fatty acids can lead to lipid toxicity in tissues such as the liver and muscle, impairing insulin signaling pathways. Additionally, variations in the AADACL3 gene may affect its expression levels, contributing to altered metabolic responses that could predispose individuals to insulin resistance and the subsequent development of type 2 diabetes. More research is needed to fully elucidate the specific role and mechanisms by which AADACL3 may be involved in this condition."
