experiment_id,config,fusion_mode,text_weight,omics_weight,AUROC_mean,AUROC_sd,AUPRC_mean,AUPRC_sd,top10_precision_mean,top10_lift_mean,OOF_AUROC,OOF_AUPRC,risk_level,safe_wording
MAXKNOWN_MULTIMODAL_text_l2_C0.03__omics_l1_C0.1_prob_average_textw0.7,text_l2_C0.03__omics_l1_C0.1,prob_average,0.7,0.30000000000000004,0.8974245080849407,0.05743408448108481,0.7203491910883215,0.09629939740568086,0.5142857142857142,6.034285714285716,0.8947035772974339,0.7198922217472696,sensitivity_multimodal_late_fusion,Multimodal late-fusion TADE variant; text and omics models are trained within each fold and fused with pre-specified weights.
MAXKNOWN_MULTIMODAL_text_l2_C0.03__omics_l1_C0.1_prob_average_textw0.8,text_l2_C0.03__omics_l1_C0.1,prob_average,0.8,0.19999999999999996,0.8915741281901421,0.05413391044048073,0.7175648773628314,0.09252153296127537,0.5142857142857142,6.034285714285716,0.8911642017444065,0.7183056227277547,sensitivity_multimodal_late_fusion,Multimodal late-fusion TADE variant; text and omics models are trained within each fold and fused with pre-specified weights.
MAXKNOWN_MULTIMODAL_text_l2_C0.03__omics_l1_C0.1_prob_average_textw0.5,text_l2_C0.03__omics_l1_C0.1,prob_average,0.5,0.5,0.9053672316384181,0.06522494260201443,0.716706943577653,0.13645321596963003,0.5142857142857142,6.034285714285716,0.8963468588041966,0.7027804045183382,sensitivity_multimodal_late_fusion,Multimodal late-fusion TADE variant; text and omics models are trained within each fold and fused with pre-specified weights.
MAXKNOWN_MULTIMODAL_text_l2_C0.1__omics_l1_C0.1_prob_average_textw0.7,text_l2_C0.1__omics_l1_C0.1,prob_average,0.7,0.30000000000000004,0.8953321644262614,0.04691677598190084,0.7147164506100676,0.1116992190036518,0.5142857142857142,6.034285714285716,0.8890152951586399,0.7142082328164571,sensitivity_multimodal_late_fusion,Multimodal late-fusion TADE variant; text and omics models are trained within each fold and fused with pre-specified weights.
MAXKNOWN_MULTIMODAL_text_l2_C0.1__omics_l1_C0.1_prob_average_textw0.8,text_l2_C0.1__omics_l1_C0.1,prob_average,0.8,0.19999999999999996,0.8913091759205143,0.043188302252266185,0.7132878791814962,0.10925079799817755,0.5142857142857142,6.034285714285716,0.8866135760333712,0.7042143733858681,sensitivity_multimodal_late_fusion,Multimodal late-fusion TADE variant; text and omics models are trained within each fold and fused with pre-specified weights.
MAXKNOWN_MULTIMODAL_text_l2_C0.03__omics_l1_C0.1_prob_average_textw0.9,text_l2_C0.03__omics_l1_C0.1,prob_average,0.9,0.09999999999999998,0.8887005649717515,0.054620909692691295,0.7130241136889406,0.07999163345126653,0.5142857142857142,6.034285714285716,0.888636076349387,0.7117747906906902,sensitivity_multimodal_late_fusion,Multimodal late-fusion TADE variant; text and omics models are trained within each fold and fused with pre-specified weights.
MAXKNOWN_MULTIMODAL_text_l2_C0.1__omics_l1_C0.1_prob_average_textw0.5,text_l2_C0.1__omics_l1_C0.1,prob_average,0.5,0.5,0.9029651276056887,0.061947759260679025,0.7087384286320457,0.14991461811368803,0.5142857142857142,6.034285714285716,0.8919226393629125,0.7160323491230642,sensitivity_multimodal_late_fusion,Multimodal late-fusion TADE variant; text and omics models are trained within each fold and fused with pre-specified weights.
MAXKNOWN_MULTIMODAL_text_l2_C0.03__omics_l1_C0.1_prob_average_textw0.95,text_l2_C0.03__omics_l1_C0.1,prob_average,0.95,0.050000000000000044,0.8864017143970386,0.05399260641659707,0.7086707506064377,0.07211073012670097,0.5142857142857142,6.034285714285716,0.8872456073821261,0.7059453501894615,sensitivity_multimodal_late_fusion,Multimodal late-fusion TADE variant; text and omics models are trained within each fold and fused with pre-specified weights.
MAXKNOWN_MULTIMODAL_text_l2_C0.1__omics_l2_C0.1_prob_average_textw0.95,text_l2_C0.1__omics_l2_C0.1,prob_average,0.95,0.050000000000000044,0.8845743230079876,0.050149849145705507,0.7078967056908233,0.092935633304605,0.5428571428571428,6.4,0.88130451270383,0.6793474860550127,sensitivity_multimodal_late_fusion,Multimodal late-fusion TADE variant; text and omics models are trained within each fold and fused with pre-specified weights.
MAXKNOWN_MULTIMODAL_text_l2_C0.1__omics_l1_C0.1_prob_average_textw0.9,text_l2_C0.1__omics_l1_C0.1,prob_average,0.9,0.09999999999999998,0.8888038184297681,0.046842552036981594,0.7039545458481629,0.09386412529868479,0.5428571428571428,6.4,0.8847174819871065,0.691990816461916,sensitivity_multimodal_late_fusion,Multimodal late-fusion TADE variant; text and omics models are trained within each fold and fused with pre-specified weights.
MAXKNOWN_MULTIMODAL_text_l2_C0.1__omics_l1_C0.1_prob_average_textw0.95,text_l2_C0.1__omics_l1_C0.1,prob_average,0.95,0.050000000000000044,0.8865049678550555,0.045755288237925594,0.7033684652620822,0.09300824738001469,0.5428571428571428,6.4,0.8833270130198457,0.6905641409305737,sensitivity_multimodal_late_fusion,Multimodal late-fusion TADE variant; text and omics models are trained within each fold and fused with pre-specified weights.
MAXKNOWN_MULTIMODAL_text_l2_C0.03__omics_l1_C0.1_prob_average_textw0.98,text_l2_C0.03__omics_l1_C0.1,prob_average,0.98,0.020000000000000018,0.8858270017533606,0.05391102258562484,0.702004083939771,0.06108695964052674,0.5142857142857142,6.034285714285716,0.8861079509543673,0.696443926812602,sensitivity_multimodal_late_fusion,Multimodal late-fusion TADE variant; text and omics models are trained within each fold and fused with pre-specified weights.
MAXKNOWN_MULTIMODAL_text_l2_C0.03__omics_l2_C0.1_prob_average_textw0.98,text_l2_C0.03__omics_l2_C0.1,prob_average,0.98,0.020000000000000018,0.8851490356516656,0.05500398770734491,0.7014812081227776,0.061452342018622465,0.5142857142857142,6.034285714285716,0.8848438882568576,0.687505395755178,sensitivity_multimodal_late_fusion,Multimodal late-fusion TADE variant; text and omics models are trained within each fold and fused with pre-specified weights.
MAXKNOWN_MULTIMODAL_text_l2_C0.1__omics_l1_C0.1_prob_average_textw0.98,text_l2_C0.1__omics_l1_C0.1,prob_average,0.98,0.020000000000000018,0.883528151178648,0.046435577222726225,0.6993593077529248,0.0885924093430921,0.5142857142857142,6.095238095238095,0.882062950322336,0.6848297670099217,sensitivity_multimodal_late_fusion,Multimodal late-fusion TADE variant; text and omics models are trained within each fold and fused with pre-specified weights.
MAXKNOWN_MULTIMODAL_text_l2_C0.1__omics_l1_C0.1_rank_average_textw0.98,text_l2_C0.1__omics_l1_C0.1,rank_average,0.98,0.020000000000000018,0.8829534385349698,0.04638521664671847,0.6992485657817177,0.08844374817886959,0.5142857142857142,6.095238095238095,0.881936544052585,0.6725635536262741,sensitivity_multimodal_late_fusion,Multimodal late-fusion TADE variant; text and omics models are trained within each fold and fused with pre-specified weights.
MAXKNOWN_MULTIMODAL_text_l2_C0.1__omics_l2_C0.1_prob_average_textw0.98,text_l2_C0.1__omics_l2_C0.1,prob_average,0.98,0.020000000000000018,0.882850185076953,0.04765927803254547,0.6987710724588071,0.0888349210778886,0.5142857142857142,6.095238095238095,0.8813045127038301,0.6793662771934166,sensitivity_multimodal_late_fusion,Multimodal late-fusion TADE variant; text and omics models are trained within each fold and fused with pre-specified weights.
MAXKNOWN_MULTIMODAL_text_l2_C0.03__omics_l1_C0.1_rank_average_textw0.98,text_l2_C0.03__omics_l1_C0.1,rank_average,0.98,0.020000000000000018,0.8833216442626144,0.055497988216506505,0.6982466261173355,0.057163163123832635,0.48571428571428565,5.72952380952381,0.8828845910757173,0.6710160303384946,sensitivity_multimodal_late_fusion,Multimodal late-fusion TADE variant; text and omics models are trained within each fold and fused with pre-specified weights.
MAXKNOWN_MULTIMODAL_text_l2_C0.03__omics_l2_C0.1_rank_average_textw0.98,text_l2_C0.03__omics_l2_C0.1,rank_average,0.98,0.020000000000000018,0.8827469316189361,0.05600570434573226,0.697810295399487,0.057126366136230476,0.48571428571428565,5.72952380952381,0.8839590443686007,0.6757664653601524,sensitivity_multimodal_late_fusion,Multimodal late-fusion TADE variant; text and omics models are trained within each fold and fused with pre-specified weights.
MAXKNOWN_MULTIMODAL_text_l2_C0.03__omics_l2_C0.1_prob_average_textw0.95,text_l2_C0.03__omics_l2_C0.1,prob_average,0.95,0.050000000000000044,0.8845743230079876,0.054945102868967366,0.6931478747894442,0.05054771153853737,0.5142857142857142,6.034285714285716,0.8838326380988497,0.6836554097112273,sensitivity_multimodal_late_fusion,Multimodal late-fusion TADE variant; text and omics models are trained within each fold and fused with pre-specified weights.
MAXKNOWN_MULTIMODAL_text_l2_C0.1__omics_l2_C0.1_rank_average_textw0.98,text_l2_C0.1__omics_l2_C0.1,rank_average,0.98,0.020000000000000018,0.882275472433275,0.045501780402716054,0.6859152324483844,0.09596846980831586,0.5142857142857142,6.095238095238095,0.8835166224244724,0.6725532445917604,sensitivity_multimodal_late_fusion,Multimodal late-fusion TADE variant; text and omics models are trained within each fold and fused with pre-specified weights.
MAXKNOWN_MULTIMODAL_text_l2_C0.03__omics_l2_C0.1_prob_average_textw0.9,text_l2_C0.03__omics_l2_C0.1,prob_average,0.9,0.09999999999999998,0.8865049678550555,0.05648501854338823,0.6855333847439111,0.07627653300728163,0.5142857142857142,6.034285714285716,0.8828213879408419,0.6791885704759242,sensitivity_multimodal_late_fusion,Multimodal late-fusion TADE variant; text and omics models are trained within each fold and fused with pre-specified weights.
MAXKNOWN_MULTIMODAL_text_l2_C0.1__omics_l2_C0.1_prob_average_textw0.9,text_l2_C0.1__omics_l2_C0.1,prob_average,0.9,0.09999999999999998,0.8814942528735633,0.04915684528064467,0.6782878621534083,0.06764947426018887,0.5142857142857142,6.034285714285716,0.8791556061180634,0.6682390758400784,sensitivity_multimodal_late_fusion,Multimodal late-fusion TADE variant; text and omics models are trained within each fold and fused with pre-specified weights.
MAXKNOWN_MULTIMODAL_text_l2_C0.1__omics_l2_C0.1_prob_average_textw0.8,text_l2_C0.1__omics_l2_C0.1,prob_average,0.8,0.19999999999999996,0.8813909994155464,0.05056878821319983,0.6686111674457539,0.06942515905930402,0.5142857142857142,6.034285714285716,0.8761218556440399,0.6488874068784193,sensitivity_multimodal_late_fusion,Multimodal late-fusion TADE variant; text and omics models are trained within each fold and fused with pre-specified weights.
MAXKNOWN_MULTIMODAL_text_l2_C0.1__omics_l2_C0.1_rank_average_textw0.95,text_l2_C0.1__omics_l2_C0.1,rank_average,0.95,0.050000000000000044,0.8802415741281902,0.04668850492022075,0.6656496471005396,0.10668678980845853,0.5142857142857142,6.034285714285716,0.881810137782834,0.6440678748882736,sensitivity_multimodal_late_fusion,Multimodal late-fusion TADE variant; text and omics models are trained within each fold and fused with pre-specified weights.
MAXKNOWN_MULTIMODAL_text_l2_C0.03__omics_l2_C0.1_rank_average_textw0.95,text_l2_C0.03__omics_l2_C0.1,rank_average,0.95,0.050000000000000044,0.8793571011104617,0.05737046563027635,0.6651161580097751,0.07196271836775404,0.5142857142857142,6.034285714285716,0.881810137782834,0.6415657509960365,sensitivity_multimodal_late_fusion,Multimodal late-fusion TADE variant; text and omics models are trained within each fold and fused with pre-specified weights.
MAXKNOWN_MULTIMODAL_text_l2_C0.03__omics_l2_C0.1_prob_average_textw0.8,text_l2_C0.03__omics_l2_C0.1,prob_average,0.8,0.19999999999999996,0.8836898499902592,0.056252280912290356,0.659552379346497,0.06652179167074002,0.48571428571428565,5.72952380952381,0.8792820123878144,0.65677379817211,sensitivity_multimodal_late_fusion,Multimodal late-fusion TADE variant; text and omics models are trained within each fold and fused with pre-specified weights.
MAXKNOWN_MULTIMODAL_text_l2_C0.03__omics_l2_C0.1_prob_average_textw0.7,text_l2_C0.03__omics_l2_C0.1,prob_average,0.7,0.30000000000000004,0.878840833820378,0.06399278725442002,0.6464628003095496,0.05914539024679136,0.48571428571428565,5.72952380952381,0.8720768550120086,0.6309716177430157,sensitivity_multimodal_late_fusion,Multimodal late-fusion TADE variant; text and omics models are trained within each fold and fused with pre-specified weights.
MAXKNOWN_MULTIMODAL_text_l2_C0.03__omics_l1_C0.1_rank_average_textw0.95,text_l2_C0.03__omics_l1_C0.1,rank_average,0.95,0.050000000000000044,0.8778979154490552,0.057808001198930946,0.6457052883701153,0.12902529485864608,0.5142857142857142,6.034285714285716,0.8790291998483124,0.6435343756317173,sensitivity_multimodal_late_fusion,Multimodal late-fusion TADE variant; text and omics models are trained within each fold and fused with pre-specified weights.
MAXKNOWN_MULTIMODAL_text_l2_C0.1__omics_l2_C0.1_prob_average_textw0.7,text_l2_C0.1__omics_l2_C0.1,prob_average,0.7,0.30000000000000004,0.876070524060004,0.05427041751967129,0.6452518896979312,0.07581735084090868,0.48571428571428565,5.72952380952381,0.8706863860447478,0.633046469434621,sensitivity_multimodal_late_fusion,Multimodal late-fusion TADE variant; text and omics models are trained within each fold and fused with pre-specified weights.
MAXKNOWN_MULTIMODAL_text_l2_C0.1__omics_l2_C0.1_rank_average_textw0.9,text_l2_C0.1__omics_l2_C0.1,rank_average,0.9,0.09999999999999998,0.8734326904344438,0.05124325952411315,0.6404957122201327,0.11366979476753818,0.5142857142857142,6.034285714285716,0.875742636834787,0.5901362328590654,sensitivity_multimodal_late_fusion,Multimodal late-fusion TADE variant; text and omics models are trained within each fold and fused with pre-specified weights.
MAXKNOWN_MULTIMODAL_text_l2_C0.1__omics_l1_C0.1_rank_average_textw0.95,text_l2_C0.1__omics_l1_C0.1,rank_average,0.95,0.050000000000000044,0.8761445548412233,0.047599228623241674,0.6304650899982418,0.1462709927467884,0.48571428571428565,5.72952380952381,0.8795980280621919,0.657969458514896,sensitivity_multimodal_late_fusion,Multimodal late-fusion TADE variant; text and omics models are trained within each fold and fused with pre-specified weights.
MAXKNOWN_MULTIMODAL_text_l2_C0.03__omics_l2_C0.1_rank_average_textw0.9,text_l2_C0.03__omics_l2_C0.1,rank_average,0.9,0.09999999999999998,0.8758347944671732,0.05752894047276047,0.6106818983478939,0.0946376403790832,0.48571428571428565,5.72952380952381,0.8777651371508026,0.5848240776942774,sensitivity_multimodal_late_fusion,Multimodal late-fusion TADE variant; text and omics models are trained within each fold and fused with pre-specified weights.
MAXKNOWN_MULTIMODAL_text_l2_C0.1__omics_l1_C0.1_rank_average_textw0.9,text_l2_C0.1__omics_l1_C0.1,rank_average,0.9,0.09999999999999998,0.8662107929086303,0.05721331725636943,0.5898927513589168,0.20694074666034,0.5142857142857142,6.034285714285716,0.8686006825938567,0.5983271426297783,sensitivity_multimodal_late_fusion,Multimodal late-fusion TADE variant; text and omics models are trained within each fold and fused with pre-specified weights.
MAXKNOWN_MULTIMODAL_text_l2_C0.1__omics_l2_C0.1_prob_average_textw0.5,text_l2_C0.1__omics_l2_C0.1,prob_average,0.5,0.5,0.8355717903759985,0.0746929085893505,0.5804116827209845,0.09963270701216029,0.42857142857142855,5.12,0.8244216913158892,0.546027109933643,sensitivity_multimodal_late_fusion,Multimodal late-fusion TADE variant; text and omics models are trained within each fold and fused with pre-specified weights.
MAXKNOWN_MULTIMODAL_text_l2_C0.03__omics_l1_C0.1_rank_average_textw0.9,text_l2_C0.03__omics_l1_C0.1,rank_average,0.9,0.09999999999999998,0.8637054354178844,0.06125168336764358,0.5638649985132594,0.19181160964556432,0.45714285714285713,5.3638095238095245,0.869295917077487,0.5855228257877739,sensitivity_multimodal_late_fusion,Multimodal late-fusion TADE variant; text and omics models are trained within each fold and fused with pre-specified weights.
MAXKNOWN_MULTIMODAL_text_l2_C0.03__omics_l2_C0.1_prob_average_textw0.5,text_l2_C0.03__omics_l2_C0.1,prob_average,0.5,0.5,0.8219988310929282,0.06716041067044172,0.5378974474842212,0.1115275082548908,0.4,4.7542857142857144,0.8159524712425736,0.5082825043691653,sensitivity_multimodal_late_fusion,Multimodal late-fusion TADE variant; text and omics models are trained within each fold and fused with pre-specified weights.
MAXKNOWN_MULTIMODAL_text_l2_C0.1__omics_l1_C0.1_rank_average_textw0.8,text_l2_C0.1__omics_l1_C0.1,rank_average,0.8,0.19999999999999996,0.8368088836937464,0.0806547298383458,0.5109075818016455,0.2424626588311798,0.4,4.632380952380953,0.8442674756667929,0.5324697196255269,sensitivity_multimodal_late_fusion,Multimodal late-fusion TADE variant; text and omics models are trained within each fold and fused with pre-specified weights.
MAXKNOWN_MULTIMODAL_text_l2_C0.03__omics_l1_C0.1_rank_average_textw0.8,text_l2_C0.03__omics_l1_C0.1,rank_average,0.8,0.19999999999999996,0.8357695304889928,0.08900003343490272,0.5089564002040445,0.24534089069163056,0.4,4.632380952380953,0.8443306788016686,0.5258744425886565,sensitivity_multimodal_late_fusion,Multimodal late-fusion TADE variant; text and omics models are trained within each fold and fused with pre-specified weights.
MAXKNOWN_MULTIMODAL_text_l2_C0.03__omics_l2_C0.1_rank_average_textw0.8,text_l2_C0.03__omics_l2_C0.1,rank_average,0.8,0.19999999999999996,0.8530868887590103,0.05993014861567084,0.5051482918156284,0.14020476415899907,0.4,4.693333333333333,0.8545063835166224,0.4760570528733457,sensitivity_multimodal_late_fusion,Multimodal late-fusion TADE variant; text and omics models are trained within each fold and fused with pre-specified weights.
MAXKNOWN_MULTIMODAL_text_l2_C0.1__omics_l2_C0.1_rank_average_textw0.8,text_l2_C0.1__omics_l2_C0.1,rank_average,0.8,0.19999999999999996,0.847081628677187,0.054040068197473014,0.49231121197642935,0.15270630836860868,0.3142857142857142,3.5961904761904764,0.8517886487169763,0.4753137031398041,sensitivity_multimodal_late_fusion,Multimodal late-fusion TADE variant; text and omics models are trained within each fold and fused with pre-specified weights.
MAXKNOWN_MULTIMODAL_text_l2_C0.03__omics_l1_C0.1_rank_average_textw0.7,text_l2_C0.03__omics_l1_C0.1,rank_average,0.7,0.30000000000000004,0.7916072472238457,0.13241112035753264,0.46016040162828864,0.27117353248543774,0.3142857142857142,3.5961904761904764,0.8044495006952344,0.47997030210567926,sensitivity_multimodal_late_fusion,Multimodal late-fusion TADE variant; text and omics models are trained within each fold and fused with pre-specified weights.
MAXKNOWN_MULTIMODAL_text_l2_C0.1__omics_l1_C0.1_rank_average_textw0.7,text_l2_C0.1__omics_l1_C0.1,rank_average,0.7,0.30000000000000004,0.7892859925969218,0.13058898879084674,0.4589106735497107,0.2717413523257066,0.3142857142857142,3.5961904761904764,0.8036910630767286,0.4806042096980917,sensitivity_multimodal_late_fusion,Multimodal late-fusion TADE variant; text and omics models are trained within each fold and fused with pre-specified weights.
MAXKNOWN_MULTIMODAL_text_l2_C0.03__omics_l2_C0.1_rank_average_textw0.7,text_l2_C0.03__omics_l2_C0.1,rank_average,0.7,0.30000000000000004,0.8166043249561661,0.06180372443458006,0.4353415475122149,0.12440925834585173,0.2571428571428571,3.0476190476190474,0.8198078624699785,0.41849973089878395,sensitivity_multimodal_late_fusion,Multimodal late-fusion TADE variant; text and omics models are trained within each fold and fused with pre-specified weights.
MAXKNOWN_MULTIMODAL_text_l2_C0.1__omics_l2_C0.1_rank_average_textw0.7,text_l2_C0.1__omics_l2_C0.1,rank_average,0.7,0.30000000000000004,0.8179310344827586,0.0531634530489021,0.43434621828529385,0.12277334519084024,0.22857142857142856,2.681904761904762,0.8203766906838579,0.4126003731144355,sensitivity_multimodal_late_fusion,Multimodal late-fusion TADE variant; text and omics models are trained within each fold and fused with pre-specified weights.
MAXKNOWN_MULTIMODAL_text_l2_C0.03__omics_l1_C0.1_rank_average_textw0.5,text_l2_C0.03__omics_l1_C0.1,rank_average,0.5,0.5,0.6893122930060394,0.23116532651367705,0.4280370721564285,0.29877977080531826,0.3142857142857142,3.5961904761904764,0.6974465933510301,0.43467487082791423,sensitivity_multimodal_late_fusion,Multimodal late-fusion TADE variant; text and omics models are trained within each fold and fused with pre-specified weights.
MAXKNOWN_MULTIMODAL_text_l2_C0.1__omics_l1_C0.1_rank_average_textw0.5,text_l2_C0.1__omics_l1_C0.1,rank_average,0.5,0.5,0.6884210013637249,0.22291882307641003,0.42623501316062284,0.29801071326023776,0.3142857142857142,3.5961904761904764,0.6963089369232713,0.4355360531693546,sensitivity_multimodal_late_fusion,Multimodal late-fusion TADE variant; text and omics models are trained within each fold and fused with pre-specified weights.
MAXKNOWN_MULTIMODAL_text_l2_C0.03__omics_l2_C0.1_rank_average_textw0.5,text_l2_C0.03__omics_l2_C0.1,rank_average,0.5,0.5,0.7051948178453147,0.06903793137508664,0.34622329843905103,0.12517428523819926,0.22857142857142856,2.681904761904762,0.7004803438250536,0.3368752682859883,sensitivity_multimodal_late_fusion,Multimodal late-fusion TADE variant; text and omics models are trained within each fold and fused with pre-specified weights.
MAXKNOWN_MULTIMODAL_text_l2_C0.1__omics_l2_C0.1_rank_average_textw0.5,text_l2_C0.1__omics_l2_C0.1,rank_average,0.5,0.5,0.7040385739333722,0.06139436950113674,0.34068282036658865,0.1266857172291117,0.22857142857142856,2.681904761904762,0.702060422196941,0.33287163398175124,sensitivity_multimodal_late_fusion,Multimodal late-fusion TADE variant; text and omics models are trained within each fold and fused with pre-specified weights.
