analysis_block,gene,drug,score_or_rank_context,structural_result,evidence_grade,main_result,safe_use
highlighted_pair_audit,CDC123,Omeprazole,Vina best affinity -8.6 kcal/mol,strong_computational_structural_plausibility,D,unsupported high-scoring/case pair; should not be presented as pair-level evidence,Use to show explicit downgrading and separation of docking plausibility from direct pair-level validation.
highlighted_pair_audit,SLC30A8,Repaglinide,Vina best affinity -7.4 kcal/mol,strong_computational_structural_plausibility,not_curated_in_this_audit,"structural plausibility was parsed, but pair-level evidence was not manually graded in this rapid audit",Use to show explicit downgrading and separation of docking plausibility from direct pair-level validation.
highlighted_pair_audit,GCK,Sitaxentan,Vina best affinity -7.4 kcal/mol,strong_computational_structural_plausibility,D,unsupported high-scoring/case pair; should not be presented as validated pair,Use to show explicit downgrading and separation of docking plausibility from direct pair-level validation.
highlighted_pair_audit,GCKR,Simvastatin,Vina best affinity -6.7 kcal/mol,moderate_computational_structural_plausibility,C_or_D,gene-level metabolic plausibility but no direct drug-target evidence; hypothesis only,Use to show explicit downgrading and separation of docking plausibility from direct pair-level validation.
highlighted_pair_audit,KCNJ11,Repaglinide,Vina best affinity -6.1 kcal/mol,moderate_computational_structural_plausibility,not_curated_in_this_audit,"structural plausibility was parsed, but pair-level evidence was not manually graded in this rapid audit",Use to show explicit downgrading and separation of docking plausibility from direct pair-level validation.
highlighted_pair_audit,KCNJ11,Verapamil,Vina best affinity -6.0 kcal/mol,moderate_computational_structural_plausibility,C,candidate with disease-gene support and indirect drug beta-cell context; not direct pair validation,Use to show explicit downgrading and separation of docking plausibility from direct pair-level validation.
top30_rapid_ranked_list_triage,Top-30 aggregate,A,n=1,not a structure analysis,A,known_direct_target_control_without_current_PDB_row,Use as non-cherry-picked ranked-list audit; rapid triage is not full literature validation.
top30_rapid_ranked_list_triage,Top-30 aggregate,C_or_U,n=20,not a structure analysis,C_or_U,gene_level_or_drug_class_plausible_high_score,Use as non-cherry-picked ranked-list audit; rapid triage is not full literature validation.
top30_rapid_ranked_list_triage,Top-30 aggregate,U,n=9,not a structure analysis,U,antidiabetic_drug_high_score_needs_manual_gene_pair_review,Use as non-cherry-picked ranked-list audit; rapid triage is not full literature validation.
